Author;Year;Design;Intervent;Instrument;InterventRandomizedN;InterventPreN;InterventPostN;Control;ControlRandomizedN;ControlPreN;ControlPostN;InterventPostM;InterventPostSD;ControlPostM;ControlPostSD;studyID;effectsizeID;y;v;GenderS;Mean_age;Informant_type;Accept_Mindfulness_focus;Intervention_Type;Control_Type;Outcome_domain_type;ER_and_MH;InformCatS;RoB_Incomp_outcome_attrition_bias
Jacobs;2016;1;RFCBT;RRS Ruminative Responses Scale.; ;17;11;Assessment only; ;16;11; ; ; ; ;17;72;-,6;,19;Both_genders;15,5;child;AccMind;Rumfocus;Passive;EmoReg;EmoMeasure;Child;Low
Jacobs;2016;1;RFCBT;RADS Reynolds Adolescent Depression Scale.; ;17;11;Assessment only; ;16;11; ; ; ; ;17;73;-,56;,188945454545455;Both_genders;15,5;child;AccMind;Rumfocus;Passive;IntDiff;MentalH;Child;Low
Jacobs;2016;1;RFCBT;CDRS-R Children’s Depressive Rating Scale–Revised; ;17;11;Assessment only; ;16;11; ; ; ; ;17;74;-,42;,185827272727273;Both_genders;15,5;clinician;AccMind;Rumfocus;Passive;IntDiff;MentalH;Clinician;Low
Kaczkurkin;2016;1;PE-A;CPSSI Child PTST symptom scale interview;31;31;31;Active control (CCT);30;30;30;7,69;8,34;15,63;10,77;18;75;,826094719667225;,0711851067499711;Girls_only;15,3;clinician;NotAccMind;Exposure;Active;OtherSR;MentalH;Clinician;Unclear
Kaczkurkin;2016;1;PE-A;NMR The Negative Mood Regulation Scale;31;31;31;Active control (CCT);30;30;30;103,22;16,06;99,41;16,64;18;76;,233060929144607;,0660366224125259;Girls_only;15,3;child;NotAccMind;Exposure;Active;EmoReg;EmoMeasure;Child;Unclear
Kaczkurkin;2016;1;PE-A;STAXI state anger;31;31;31;Active control (CCT);30;30;30;17,79;5,94;19,83;7,58;18;77;,300188017494403;,066330027733456;Girls_only;15,3;child;NotAccMind;Exposure;Active;EmoReg;EmoMeasure;Child;Unclear
Kaczkurkin;2016;1;PE-A;STAXI trait anger;31;31;31;Active control (CCT);30;30;30;18,28;5,77;21,04;7,13;18;78;,426302633938022;,0670810202732533;Girls_only;15,3;child;NotAccMind;Exposure;Active;EmoReg;EmoMeasure;Child;Unclear
Kaczkurkin;2016;1;PE-A;STAXI anger expression;31;31;31;Active control (CCT);30;30;30;42,45;11,23;44,3;9,8;18;79;,175332763646853;,0658433779970693;Girls_only;15,3;child;NotAccMind;Exposure;Active;EmoReg;EmoMeasure;Child;Unclear
Kennedy;2018;1;Unified protocol for transdiagnostic treatment of emotional disorders in children- UP-C;CDI Children's Depression Inventory;24;24;21;Active control;23;23;19;6,72;5,93;4,33;2,77;19;80;-,507908888385531;,103475269552679;Both_genders;9,31;child;AccMind;UniP;Active;IntDiff;MentalH;Child;Low
Kennedy;2018;1;Unified protocol for transdiagnostic treatment of emotional disorders in children- UP-C;SCARED Screen for ChildAnxiety Related Disorders;24;24;21;Active control;23;23;19;13,74;12,25;16;13,38;19;81;,176594140424496;,100640445196819;Both_genders;9,31;child;AccMind;UniP;Active;IntDiff;MentalH;Child;Low
Kennedy;2018;1;Unified protocol for transdiagnostic treatment of emotional disorders in children- UP-C;ERQ-CA Emotion Regulation Questionnaire Reappraisal;24;24;21;Active control;23;23;19;17,54;5,75;12,75;6,03;19;82;,814031572574264;,108533719080763;Both_genders;9,31;child;AccMind;UniP;Active;EmoReg;EmoMeasure;Child;Low
Kennedy;2018;1;Unified protocol for transdiagnostic treatment of emotional disorders in children- UP-C;ERQ-CA Emotion Regulation Questionnaire suppression;24;24;21;Active control;23;23;19;6,46;3,65;7,08;4,07;19;83;,160844439344655;,100574013237267;Both_genders;9,31;child;AccMind;UniP;Active;EmoReg;EmoMeasure;Child;Low
Kennedy;2018;1;Unified protocol for transdiagnostic treatment of emotional disorders in children- UP-C;CDI Children's Depression Inventory;24;24;21;Active control;23;23;19;6;4,12;10,07;4,48;19;84;,94777018594826;,111478980633571;Both_genders;9,31;parent;AccMind;UniP;Active;IntDiff;MentalH;Parent;Low
Kennedy;2018;1;Unified protocol for transdiagnostic treatment of emotional disorders in children- UP-C;SCARED Screen for ChildAnxiety Related Disorders;24;24;21;Active control;23;23;19;19;12,51;23,29;11,67;19;85;,353978945267805;,101816890237577;Both_genders;9,31;parent;AccMind;UniP;Active;IntDiff;MentalH;Parent;Low
Kennedy;2018;1;Unified protocol for transdiagnostic treatment of emotional disorders in children- UP-C;CEMS anger management;24;24;21;Active control;23;23;19;4,89;1,24;5,74;1,21;19;86;,693378887854221;,10626030509294;Both_genders;9,31;parent;AccMind;UniP;Active;EmoReg;EmoMeasure;Parent;Low
Kennedy;2018;1;Unified protocol for transdiagnostic treatment of emotional disorders in children- UP-C;CEMS sadness management;24;24;21;Active control;23;23;19;5;2,24;6,11;1,82;19;87;,540989014410298;,103908990487824;Both_genders;9,31;parent;AccMind;UniP;Active;EmoReg;EmoMeasure;Parent;Low
Kennedy;2018;1;Unified protocol for transdiagnostic treatment of emotional disorders in children- UP-C;CEMS worry management;24;24;21;Active control;23;23;19;5,5;2,32;5,5;1,26;19;88;0;,100250626566416;Both_genders;9,31;parent;AccMind;UniP;Active;EmoReg;EmoMeasure;Parent;Low
Lackner;2016;1;NF (Neurofeedback)Therapy;Bf-S Self-Rating Mood Scale;10;10;10;Treatment as usual;12;12;10;27,2;10,95;22,9;6,32;20;89;-,480987800461693;,205783731604824;Girls_only; ;child;NotAccMind;CogTrain;Active;EmoReg;EmoMeasure;Child;Unclear
Lackner;2016;1;NF (Neurofeedback)Therapy;DIKJ (Children’s Depression Inventory (CDI));10;10;10;Treatment as usual;12;12;10;16,1;12,23;15,9;9,34;20;90;-,0183800356771314;,200008445642787;Girls_only; ;child;NotAccMind;CogTrain;Active;IntDiff;MentalH;Child;Unclear
Lackner;2016;1;NF (Neurofeedback)Therapy;BSI - Somatisation;10;10;10;Treatment as usual;12;12;10;7;5,87;7,2;7,22;20;91;,030396453159704;,200023098609117;Girls_only; ;child;NotAccMind;CogTrain;Active;OtherSR;MentalH;Child;Unclear
Lackner;2016;1;NF (Neurofeedback)Therapy;BSI - Obsessive-compulsive;10;10;10;Treatment as usual;12;12;10;7,5;7,43;7;4,5;20;92;-,0814031626391022;,200165661872191;Girls_only; ;child;NotAccMind;CogTrain;Active;OtherSR;MentalH;Child;Unclear
Lackner;2016;1;NF (Neurofeedback)Therapy;BSI - Interpersonal sensitivity;10;10;10;Treatment as usual;12;12;10;5;4,45;5,2;2,62;20;93;,0547720161234703;,200074999343756;Girls_only; ;child;NotAccMind;CogTrain;Active;OtherSR;MentalH;Child;Unclear
Lackner;2016;1;NF (Neurofeedback)Therapy;BSI - Depression;10;10;10;Treatment as usual;12;12;10;7,5;5,99;7,2;4,16;20;94;-,0581753242762919;,200084609208866;Girls_only; ;child;NotAccMind;CogTrain;Active;IntDiff;MentalH;Child;Unclear
Lackner;2016;1;NF (Neurofeedback)Therapy;BSI - Anxiety;10;10;10;Treatment as usual;12;12;10;5,5;6,22;5,1;5,53;20;95;-,0679680154905324;,200115491278243;Girls_only; ;child;NotAccMind;CogTrain;Active;IntDiff;MentalH;Child;Unclear
Lackner;2016;1;NF (Neurofeedback)Therapy;BSI - Hostility;10;10;10;Treatment as usual;12;12;10;4,1;4,56;4,3;2,87;20;96;,0524949752820044;,200068893060746;Girls_only; ;child;NotAccMind;CogTrain;Active;OtherSR;MentalH;Child;Unclear
Lackner;2016;1;NF (Neurofeedback)Therapy;BSI - Phobic anxiety;10;10;10;Treatment as usual;12;12;10;4,1;5,51;2,3;2,06;20;97;-,432739195980065;,204681580293437;Girls_only; ;child;NotAccMind;CogTrain;Active;IntDiff;MentalH;Child;Unclear
Lackner;2016;1;NF (Neurofeedback)Therapy;BSI - Paranoid ideation;10;10;10;Treatment as usual;12;12;10;5;3,92;6,2;4,78;20;98;,274524082265895;,201884086793598;Girls_only; ;child;NotAccMind;CogTrain;Active;OtherSR;MentalH;Child;Unclear
Lackner;2016;1;NF (Neurofeedback)Therapy;BSI - Psychoticism;10;10;10;Treatment as usual;12;12;10;6,5;5,75;5,9;4,91;20;99;-,11222248290119;,200314847141713;Girls_only; ;child;NotAccMind;CogTrain;Active;OtherSR;MentalH;Child;Unclear
Lackner;2016;1;NF (Neurofeedback)Therapy;EKF Emotional Competence Questionnaire - Recognition and understanding own emotions;10;10;10;Treatment as usual;12;12;10;48,4;12;41,7;8,78;20;100;,637245565796225;,210152047778174;Girls_only; ;child;NotAccMind;CogTrain;Active;EmoReg;EmoMeasure;Child;Unclear
Lackner;2016;1;NF (Neurofeedback)Therapy;EKF Emotional Competence Questionnaire - Recognition and understanding others emotions;10;10;10;Treatment as usual;12;12;10;65,8;14,77;61,7;9,13;20;101;,333924387654485;,202787637416761;Girls_only; ;child;NotAccMind;CogTrain;Active;EmoReg;EmoMeasure;Child;Unclear
Lackner;2016;1;NF (Neurofeedback)Therapy;EKF Emotional Competence Questionnaire - Regulating and controlling own emotions;10;10;10;Treatment as usual;12;12;10;43,6;11,06;39,6;7,24;20;102;,427934531153088;,20457819907383;Girls_only; ;child;NotAccMind;CogTrain;Active;EmoReg;EmoMeasure;Child;Unclear
Lackner;2016;1;NF (Neurofeedback)Therapy;EKF Emotional Competence Questionnaire - Emotional expressivity;10;10;10;Treatment as usual;12;12;10;50,8;15,59;48,8;9,67;20;103;,154175611487145;,200594252979436;Girls_only; ;child;NotAccMind;CogTrain;Active;EmoReg;EmoMeasure;Child;Unclear
Luby;2018;1;PCIT-ED; ERC Emotion regulation checklist - lability;114;114;100;Waitingslist;115;115;91;29,2;6,4;37,2;7,6;23;104;1,14332390095006;,0244109731421096;Both_genders;5,66;parent;NotAccMind;BehParTrain;Active;EmoReg;EmoMeasure;Parent;Low
Luby;2018;1;PCIT-ED;ERC Emotion regulation checklist - emotion regulation;114;114;100;Waitingslist;115;115;91;26,4;3,5;24,1;3,3;23;105;,675233958587902;,0221825735513939;Both_genders;5,66;parent;NotAccMind;BehParTrain;Active;EmoReg;EmoMeasure;Parent;Low
Luby;2018;1;PCIT-ED;My child questionaire - Guilt reparation;114;114;100;Waitingslist;115;115;91;27,4;5,3;24,7;5;23;106;,523324891629783;,0217059453926741;Both_genders;5,66;parent;NotAccMind;BehParTrain;Active;EmoReg;EmoMeasure;Parent;Low
Luby;2018;1;PCIT-ED;Depression core score;114;114;100;Waitingslist;115;115;91;1,74;1,69;4,15;2,04;23;108;1,29231034916139;,0253609116134865;Both_genders;5,66;clinician;NotAccMind;BehParTrain;Active;IntDiff;MentalH;Clinician;Low
Luby;2018;1;PCIT-ED;Preschool Feelings Checklist - Scale Version score;114;114;100;Waitingslist;115;115;91;20,1;9,65;33,2;11,1;23;109;1,26377082838687;,0251699447761357;Both_genders;5,66;parent;NotAccMind;BehParTrain;Active;IntDiff;MentalH;Parent;Low
Luby;2018;1;PCIT-ED;Children Globale Assessment Scale score;114;114;100;Waitingslist;115;115;91;76,83;16,61;55,75;17,14;23;110;1,24996602318106;,0250791027667782;Both_genders;5,66;clinician;NotAccMind;BehParTrain;Active;GenMentH;MentalH;Clinician;Low
Luby;2018;1;PCIT-ED;Preschool and Early Childhood Functional assessment/Child and Adolescent FunctionalAssessm;114;114;100;Waitingslist;115;115;91;4,83;3,22;8,07;4,02;23;111;,89427402721199;,0230825346427962;Both_genders;5,66;clinician;NotAccMind;BehParTrain;Active;GenMentH;MentalH;Clinician;Low
Luby;2018;1;PCIT-ED;Clinical globale impressions improvement score;114;114;100;Waitingslist;115;115;91;2,07;,86;3,4;1,25;23;112;1,25035284532898;,0250816346482316;Both_genders;5,66;clinician;NotAccMind;BehParTrain;Active;OtherSR;MentalH;Clinician;Low
Olson;2018;1;Aerobic excersize;RRS Ruminative Responses Scale- Depression;52;34;30;Active control (placebo excersize); ; ;30; ; ; ; ;26;113;-,01;,0666675;Both_genders;21;child;NotAccMind;Other;Active;EmoReg;EmoMeasure;Child;Unclear
Olson;2018;1;Aerobic excersize;RRS Ruminative Responses Scale- Brooding;52;34;30;Active control (placebo excersize); ; ;30; ; ; ; ;26;114;-,3;,0674166666666667;Both_genders;21;child;NotAccMind;Other;Active;EmoReg;EmoMeasure;Child;Unclear
Olson;2018;1;Aerobic excersize;RRS Ruminative Responses Scale- Reflection;52;34;30;Active control (placebo excersize); ; ;30; ; ; ; ;26;115;-,15;,0668541666666667;Both_genders;21;child;NotAccMind;Other;Active;EmoReg;EmoMeasure;Child;Unclear
Olson;2018;1;Aerobic excersize;BDI depressive symptoms;52;34;30;Active control (placebo excersize); ; ;30; ; ; ; ;26;116;-,02;,06667;Both_genders;21;child;NotAccMind;Other;Active;IntDiff;MentalH;Child;Unclear
Olson;2018;1;Aerobic excersize;BAI Beck anxiety inventory Anxiety;52;34;30;Active control (placebo excersize); ; ;30; ; ; ; ;26;117;-,03;,0666741666666667;Both_genders;21;child;NotAccMind;Other;Active;IntDiff;MentalH;Child;Unclear
Payne;2019;2;FC (Family connections);DERS (Difficulties in Emotion Regulation Scale); ;62;62;Waiting list; ;16;16;67,6;28,1;83,6;32,8;27;118;,550057924734631;,0805685432873169;Both_genders;15;child;AccMind;DBT;Active;EmoReg;EmoMeasure;Child;High
Payne;2019;2;FC (Family connections);DASS 21 depression anxiety stress scales - depression; ;59;59;Waiting list; ;16;16;5,3;4,6;6;4,4;27;119;,153521556377685;,0796062783308571;Both_genders;15;child;AccMind;DBT;Active;IntDiff;MentalH;Child;High
Payne;2019;2;FC (Family connections);Behavior checklist; ;24;24;Waiting list; ;7;7;1,6;1,5;3,4;3,1;27;120;,926708176811054;,198375229603946;Both_genders;15;child;AccMind;DBT;Active;GenMentH;MentalH;Child;High
Schuppert;2009;1;ERT, Emotion Regulation Training;LPI-ed Life Problems Inventory emotional dysregulation subscale;54;51;46;Treatment as usual;55;55;49;32,87;11,61;36,37;11,63;28;125;,301196346406839;,0426247633795036;Both_genders;16,14;child;AccMind;EmoRegTrain;Active;EmoReg;EmoMeasure;Child;High
Schuppert;2009;1;ERT, Emotion Regulation Training;MERLC-internal locus of control;54;51;46;Treatment as usula;55;55;49;21,33;6,54;20,27;6,82;28;126;,158540695292824;,0422795839741094;Both_genders;16,14;child;AccMind;EmoRegTrain;Active;EmoReg;EmoMeasure;Child;High
Schuppert;2009;1;ERT, Emotion Regulation Training;SCL-90R;54;49;48;Treatment as usual;55;54;48;190,19;73,58;193;63,63;28;127;,0408518417494936;,0416753587134079;Both_genders;16,14;child;AccMind;EmoRegTrain;Active;GenMentH;MentalH;Child;High
Schuppert;2009;1;ERT, Emotion Regulation Training;BPDSI-total score;54;54;48;Treatment as usual;55;55;49;13,29;9,53;15,39;9;28;128;,2266350030444;,0415062565192834;Both_genders;16,14;clinician;AccMind;EmoRegTrain;Active;OtherSR;MentalH;Clinician;High
Schuppert;2009;1;ERT, Emotion Regulation Training;YQOL-R Youth Quality-of-life Research Version;54;51;48;Treatment as usual;55;55;49;54,51;13,17;54,72;13,31;28;129;-,0158599229188467;,0412427931819126;Both_genders;16,14;child;AccMind;EmoRegTrain;Active;GenMentH;MentalH;Child;High
Schuppert;2012;1;ERT (Emotion Regulation Training);BPDSI-IV total score;23;23;14;Treatment as usual;20;20;17;16,3;8,2;19;10,4;28;121;,284895490782735;,131561220851116;Both_genders;16;clinician;AccMind;EmoRegTrain;Active;OtherSR;MentalH;Clinician;Unclear
Schuppert;2012;1;ERT (Emotion Regulation Training);MERLC-internal locus of control;23;23;11;Treatment as usual;20;19;15;17,2;2,8;21,4;7,2;28;122;-,725577284335153;,167700034413126;Both_genders;16;child;AccMind;EmoRegTrain;Active;EmoReg;EmoMeasure;Child;Unclear
Schuppert;2012;1;ERT (Emotion Regulation Training);YSR subscale internalizing;23;22;11;Treatment as usual;20;19;14;22,8;11,5;24,6;12,4;28;123;,149788040695134;,162786391480368;Both_genders;16;child;AccMind;EmoRegTrain;Active;IntDiff;MentalH;Child;Unclear
Schuppert;2012;1;ERT (Emotion Regulation Training);YSR subscale externalizing;23;23;11;Treatment as usual;20;19;15;16,2;9,7;17,6;10,9;28;124;,134398107687966;,157923120101721;Both_genders;16;child;AccMind;EmoRegTrain;Active;ExtDiff;MentalH;Child;Unclear
Bentley;2017;1;Single session UP;ERQ Emotion Regulation Questionnaire - reappraisal;68;68;36;assessment only;70;70;35;31,83;5,18;30,43;5,55;2;7;,260925876344337;,0568286592572772;Both_genders;18,25;child;AccMind;UniP;Passive;EmoReg;EmoMeasure;Child;High
Bentley;2017;1;Single session UP;DASS 21 depression anxiety stress scales -Anxiety;68;68;36;assessment only;70;70;35;4,25;4,05;5;3,39;2;8;,200568583612632;,056632500410702;Both_genders;18,25;child;AccMind;UniP;Passive;IntDiff;MentalH;Child;High
Bentley;2017;1;Single session UP;DASS 21 depression anxiety stress scales -Depression;68;68;36;assessment only;70;70;35;4,67;4,22;5,94;3,83;2;9;,314937774743632;,0570476979123083;Both_genders;18,25;child;AccMind;UniP;Passive;IntDiff;MentalH;Child;High
Bentley;2017;1;Single session UP;DASS 21 depression anxiety stress scales -Stress;68;68;36;assessment only;70;70;35;6,75;4,07;7,71;3,2;2;10;,261780817460018;,0568318063237841;Both_genders;18,25;child;AccMind;UniP;Passive;IntDiff;MentalH;Child;High
Bentley;2017;1;Single session UP;BAS behavior activation subscale;68;68;36;assessment only;70;70;35;28,58;6,21;28,8;5,17;2;11;-,0384533932474102;,0563596194721094;Both_genders;18,25;child;AccMind;UniP;Passive;ExtDiff;MentalH;Child;High
Bentley;2017;1;Single session UP;Q-LES-Q quality of life enjoyment and satisfaction questionnaire;68;68;36;assessment only;70;70;35;53,64;8,04;49,57;7,05;2;12;,537764031318555;,0583857567251217;Both_genders;18,25;child;AccMind;UniP;Passive;GenMentH;MentalH;Child;High
Bentley;2017;1;Single session UP;MEAQ multidimensional experiantal avoidance questionnaire;68;68;36;assessment only;70;70;35;190,82;30,87;197,57;33,36;2;13;,210142319104458;,0566601908159571;Both_genders;18,25;child;AccMind;UniP;Passive;EmoReg;EmoMeasure;Child;High
Schweizer;2017;1;aWMT;CERQ Cognitive Emotion Regulation Questionnaire-Adaptive strategies;15;15;15;Placebo training;15;15;15;62,27;10,96;57,07;14,79;29;130;,39948873337833;,13599318746827;Both_genders;15,43;child;NotAccMind;CogTrain;Active;EmoReg;EmoMeasure;Child;Unclear
Schweizer;2017;1;aWMT;CERQ Cognitive Emotion Regulation Questionnaire- Maladaptive strategies;15;15;15;Placebo training;15;15;15;22,93;4,04;30,73;6,53;29;131;1,43655300816288;,167728075754364;Both_genders;15,43;child;NotAccMind;CogTrain;Active;EmoReg;EmoMeasure;Child;Unclear
Schweizer;2017;1;aWMT;PTSD symptoms;15;15;15;Placebo training;15;15;15;40,93;6,34;49,53;4,22;29;132;1,59692484289814;,175836149231088;Both_genders;15,43;child;NotAccMind;CogTrain;Active;OtherSR;MentalH;Child;Unclear
Smith;2015;1;C-CBT;MFQ-C Mood and FeelingsQuestionnaire;55;55;55;Waiting list;57;57;55;13,4;12,9;24,3;13,6;31;133;,822354657518178;,039437578103372; ; ;child;NotAccMind;CBT;Active;IntDiff;MentalH;Child;Low
Smith;2015;1;C-CBT;SCARED-Child Screen for ChildAnxiety Related Disorders;55;54;53;Waiting list;57;57;55;23,8;18,4;31,2;17,5;31;134;,412321736378208;,0378368224059068; ; ;child;NotAccMind;CBT;Active;IntDiff;MentalH;Child;Low
Smith;2015;1;C-CBT;MFQ-P Mood and FeelingsQuestionnaire;55;31;17;Waiting list;57;28;16;6,3;7,2;12,1;10,8;31;135;,635886787839095;,127450074971588; ; ;parent;NotAccMind;CBT;Active;IntDiff;MentalH;Parent;Low
Smith;2015;1;C-CBT;SCARED-Parent Screen for ChildAnxiety Related Disorders;55;32;18;Waiting list;57;28;16;10,9;9,1;16;17,9;31;136;,365984199701413;,12002532665013; ; ;parent;NotAccMind;CBT;Active;IntDiff;MentalH;Parent;Low
Smith;2015;1;C-CBT;SDQ Strengths and Difficulties Questionnaire;55;24;27;Waiting list;57;29;29;5,1;5,6;5,9;5,5;31;137;,144186409339192;,0717054181634243; ; ;teacher;NotAccMind;CBT;Active;GenMentH;MentalH;Other;Low
Smith;2015;1;C-CBT;CRSQ Child Response Styles Questionnaire;55;55;55;Waiting list;57;57;55; ; ; ; ;31;138;-,2;,0365454545454545; ; ;child;NotAccMind;CBT;Active;EmoReg;EmoMeasure;Child;Low
Topper;2017;1;Group RFCBT;Penn State Worry questionaire (PSWQ);82;82;73;Waitlist control;85;85;75;51,29;8,58;57,8;8,54;34;154;,760536284971518;,0289860696890976;Both_genders; ;child;AccMind;Rumfocus;Passive;EmoReg;EmoMeasure;Child;Unclear
Topper;2017;1;Group RFCBT;Ruminative Response Scale (RRS);82;82;73;Waitlist control;85;85;75;41,51;10,29;47,46;9,66;34;155;,596451847659782;,0282338378168628;Both_genders; ;child;AccMind;Rumfocus;Passive;EmoReg;EmoMeasure;Child;Unclear
Topper;2017;1;Group RFCBT;Perservative Thinking Questionnaire (PTQ);82;82;73;Waitlist control;85;85;75;29,75;8,7;35,38;8,15;34;156;,668192077063941;,0285403440508974;Both_genders; ;child;AccMind;Rumfocus;Passive;EmoReg;EmoMeasure;Child;Unclear
Topper;2017;1;Group RFCBT;Beck Depression Inventory (BDI-II);82;82;73;Waitlist control;85;85;75;6,38;5,07;13;8,73;34;157;,924227312742347;,0299177611920052;Both_genders; ;child;AccMind;Rumfocus;Passive;IntDiff;MentalH;Child;Unclear
Topper;2017;1;Group RFCBT;Mood and Anxiety Symptom Questionnaire (MASQ-D30) - Anxious Arousal;82;82;73;Waitlist control;85;85;75;13,11;3,98;17,8;7,96;34;158;,742236469106101;,0288931627138031;Both_genders; ;child;AccMind;Rumfocus;Passive;IntDiff;MentalH;Child;Unclear
Topper;2017;1;Group RFCBT;Mood and Anxiety Symptom Questionnaire (MASQ-D30) - General Distress Scale;82;82;73;Waitlist control;85;85;75;17,62;6,74;24,18;9,25;34;159;,808891170423702;,0292424530837974;Both_genders; ;child;AccMind;Rumfocus;Passive;IntDiff;MentalH;Child;Unclear
Topper;2017;1;Internet RFCBT;Penn State Worry questionaire (PSWQ);84;84;70;Waitlist control;85;85;75;51,87;8,85;57,8;8,54;34;160;,682318098605399;,0292244199903734;Both_genders; ;child;AccMind;Rumfocus;Passive;EmoReg;EmoMeasure;Child;Unclear
Topper;2017;1;Internet RFCBT;Ruminative Response Scale (RRS);84;84;70;Waitlist control;85;85;75;41,81;9,54;47,46;9,66;34;161;,588401606850078;,0288128974498881;Both_genders; ;child;AccMind;Rumfocus;Passive;EmoReg;EmoMeasure;Child;Unclear
Topper;2017;1;Internet RFCBT;Perservative Thinking Questionnaire (PTQ);84;84;70;Waitlist control;85;85;75;30,54;9,31;35,38;8,15;34;162;,554474412125953;,0286791920111249;Both_genders; ;child;AccMind;Rumfocus;Passive;EmoReg;EmoMeasure;Child;Unclear
Topper;2017;1;Internet RFCBT;Beck Depression Inventory (BDI-II);84;84;70;Waitlist control;85;85;75;8,26;6,03;13;8,73;34;163;,627918602702691;,028978639934979;Both_genders; ;child;AccMind;Rumfocus;Passive;IntDiff;MentalH;Child;Unclear
Topper;2017;1;Internet RFCBT;Mood and Anxiety Symptom Questionnaire (MASQ-D30) - Anxious Arousal;84;84;70;Waitlist control;85;85;75;14,61;5,02;17,8;7,96;34;164;,475811302054685;,0283997248437475;Both_genders; ;child;AccMind;Rumfocus;Passive;IntDiff;MentalH;Child;Unclear
Topper;2017;1;Internet RFCBT;Mood and Anxiety Symptom Questionnaire (MASQ-D30) - General Distress Scale;84;84;70;Waitlist control;85;85;75;18;7,3;24,18;9,25;34;165;,738701648307271;,0295007032232265;Both_genders; ;child;AccMind;Rumfocus;Passive;GenMentH;MentalH;Child;Unclear
Webster-Stratton;2011;1;IY (Incredible years);CBCL Externalizing Broadband; ;49;48;Waitlist control; ;50;48;58,9;8,6;62,6;9,9;35;166;,39901606028244;,042495905293559;Both_genders; ;parent;NotAccMind;BehParTrain;Passive;ExtDiff;MentalH;Parent;Low
Webster-Stratton;2011;1;IY (Incredible years);CPRS-R Oppositional; ;49;48;Waitlist control; ;50;48;59,8;10,6;64,2;13,2;35;167;,36756113276896;,0423703186787625;Both_genders; ;parent;NotAccMind;BehParTrain;Passive;ExtDiff;MentalH;Parent;Low
Webster-Stratton;2011;1;IY (Incredible years);CPRS-R Innattentive; ;49;48;Waitlist control; ;50;48;64,2;12,5;67,9;12,1;35;168;,300773249603853;,0421378361858191;Both_genders; ;parent;NotAccMind;BehParTrain;Passive;ExtDiff;MentalH;Parent;Low
Webster-Stratton;2011;1;IY (Incredible years);CPRS-R Hyperactive; ;49;48;Waitlist control; ;50;48;65,5;9,2;73;11,3;35;169;,727898092601191;,0444262272563149;Both_genders; ;parent;NotAccMind;BehParTrain;Passive;ExtDiff;MentalH;Parent;Low
Webster-Stratton;2011;1;IY (Incredible years);ECBI Eyberg Child Behavior Inventory- Intensity; ;49;48;Waitlist control; ;50;48;125,8;3,9;150,3;3,8;35;170;6,3630997780826;,252547077009556;Both_genders; ;parent;NotAccMind;BehParTrain;Passive;ExtDiff;MentalH;Parent;Low
Webster-Stratton;2011;1;IY (Incredible years);ECBI Eyberg Child Behavior Inventory- Problem; ;49;48;Waitlist control; ;50;48;13,7;1;19,7;1;35;171;6;,229166666666667;Both_genders; ;parent;NotAccMind;BehParTrain;Passive;ExtDiff;MentalH;Parent;Low
Webster-Stratton;2011;1;IY (Incredible years);CBCL Internalizing Broadband; ;49;48;Waitlist control; ;50;48;51,9;8,2;55,6;12,2;35;172;,355966752333871;,0423266267123288;Both_genders; ;parent;NotAccMind;BehParTrain;Passive;IntDiff;MentalH;Parent;Low
Webster-Stratton;2011;1;IY (Incredible years);CPPRG social competance Scale Emotion regulation; ;49;48;Waitlist control; ;50;48;2,5;,6;1,9;,5;35;173;1,08642895251022;,0478142076502732;Both_genders; ;parent;NotAccMind;BehParTrain;Passive;EmoReg;EmoMeasure;Parent;Low
Webster-Stratton;2011;1;IY (Incredible years);CPPRG social competance Scale - Social Competance; ;49;48;Waitlist control; ;50;48;2,9;,7;2,7;,7;35;174;,285714285714285;,0420918367346939;Both_genders; ;parent;NotAccMind;BehParTrain;Passive;EmoReg;EmoMeasure;Parent;Low
Webster-Stratton;2011;1;IY (Incredible years);CBCL Externalizing Broadband; ;49;48;Waitlist control; ;50;48;57,2;8,8;58,6;10,3;35;175;,146146864150219;,0417779109682341;Both_genders; ;parent;NotAccMind;BehParTrain;Passive;ExtDiff;MentalH;Parent;Low
Webster-Stratton;2011;1;IY (Incredible years);CPRS-R Oppositional; ;49;48;Waitlist control; ;50;48;57,1;9,2;58,3;11,3;35;176;,11646369481619;,0417373114177617;Both_genders; ;parent;NotAccMind;BehParTrain;Passive;ExtDiff;MentalH;Parent;Low
Webster-Stratton;2011;1;IY (Incredible years);CPRS-R Innattentive; ;49;48;Waitlist control; ;50;48;65,1;12,7;64,6;12,4;35;177;-,0398377920404083;,0416749325503888;Both_genders; ;parent;NotAccMind;BehParTrain;Passive;ExtDiff;MentalH;Parent;Low
Webster-Stratton;2011;1;IY (Incredible years);CPRS-R Hyperactive; ;49;48;Waitlist control; ;50;48;63,4;7,8;67,3;10,2;35;178;,429532090295808;,0426275927947598;Both_genders; ;parent;NotAccMind;BehParTrain;Passive;ExtDiff;MentalH;Parent;Low
Webster-Stratton;2011;1;IY (Incredible years);ECBI Eyberg Child Behavior Inventory- Intensity; ;49;48;Waitlist control; ;50;48;125,2;4,4;134,5;4;35;179;2,2117794478184;,0671456683634992;Both_genders; ;parent;NotAccMind;BehParTrain;Passive;ExtDiff;MentalH;Parent;Low
Webster-Stratton;2011;1;IY (Incredible years);ECBI Eyberg Child Behavior Inventory- Problem; ;49;48;Waitlist control; ;50;48;12,9;1,4;15,9;1,3;35;180;2,22069963059282;,067351598173516;Both_genders; ;parent;NotAccMind;BehParTrain;Passive;ExtDiff;MentalH;Parent;Low
Webster-Stratton;2011;1;IY (Incredible years);CBCL Internalizing Broadband; ;49;48;Waitlist control; ;50;48;53,2;10;50,1;10,2;35;181;-,306915650028003;,0421572771678756;Both_genders; ;parent;NotAccMind;BehParTrain;Passive;IntDiff;MentalH;Parent;Low
Webster-Stratton;2011;1;IY (Incredible years);CPPRG social competance Scale Emotion regulation; ;49;48;Waitlist control; ;50;48;2,5;,5;2,1;,4;35;182;,883452208598772;,0457317073170732;Both_genders; ;parent;NotAccMind;BehParTrain;Passive;EmoReg;EmoMeasure;Parent;Low
Webster-Stratton;2011;1;IY (Incredible years);CPPRG social competance Scale - Social Competance; ;49;48;Waitlist control; ;50;48;3,1;,5;2,8;,5;35;183;,600000000000001;,0435416666666667;Both_genders; ;parent;NotAccMind;BehParTrain;Passive;EmoReg;EmoMeasure;Parent;Low
Webster-Stratton;2011;1;IY (Incredible years);TRF Externalizing Broadband; ;49;48;Waitlist control; ;50;48;60,3;10,4;61,7;9,2;35;184;,142590147652175;,0417725622406639;Both_genders; ;teacher;NotAccMind;BehParTrain;Passive;ExtDiff;MentalH;Other;Low
Webster-Stratton;2011;1;IY (Incredible years);CTRS-R Oppositional; ;49;48;Waitlist control; ;50;48;62,5;12,6;63,9;15;35;185;,101067885758982;,0417198683204781;Both_genders; ;teacher;NotAccMind;BehParTrain;Passive;ExtDiff;MentalH;Other;Low
Webster-Stratton;2011;1;IY (Incredible years);CTRS-R Innattentive; ;49;48;Waitlist control; ;50;48;59,7;13,8;57,5;13,2;35;186;-,162922740091077;,041804915725202;Both_genders; ;teacher;NotAccMind;BehParTrain;Passive;ExtDiff;MentalH;Other;Low
Webster-Stratton;2011;1;IY (Incredible years);CTRS-R Hyperactive; ;49;48;Waitlist control; ;50;48;61,2;10,9;65,2;10;35;187;,382420712313711;,042428362506284;Both_genders; ;teacher;NotAccMind;BehParTrain;Passive;ExtDiff;MentalH;Other;Low
Webster-Stratton;2011;1;IY (Incredible years);TRF Internalizing Broadband; ;49;48;Waitlist control; ;50;48;55,2;9,3;54,3;9;35;188;-,098347441435807;,0417170428085259;Both_genders; ;teacher;NotAccMind;BehParTrain;Passive;IntDiff;MentalH;Other;Low
Webster-Stratton;2011;1;IY (Incredible years);Wally Feelings Test; ;49;48;Waitlist control; ;50;48;7,7;,5;6,7;,5;35;189;2;,0625;Both_genders; ;child;NotAccMind;BehParTrain;Passive;EmoReg;EmoMeasure;Child;Low
Webster-Stratton;2011;1;IY (Incredible years);Wally Problem Solving Test; ;49;48;Waitlist control; ;50;48;,8;,1;,8;,1;35;190;0;,0416666666666667;Both_genders; ;child;NotAccMind;BehParTrain;Passive;EmoReg;EmoMeasure;Child;Low
Webster-Stratton;2011;1;IY (Incredible years);Task Child behavior - Child Deviance; ;49;48;Waitlist control; ;50;48;,7;,9;,7;1,1;35;192;0;,0416666666666667;Both_genders; ;external;NotAccMind;BehParTrain;Passive;ExtDiff;MentalH;Other;Low
Whiteside;2010;1;DBT-BASICS;The Beck Depression Inventory II (BDI-II);67;43;38;Relaxation Control Condition;66;53;43;9,83;8,91;17,5;12,5;37;196;,699439756030415;,0525914551081348;Both_genders;18,92;child;AccMind;DBT;Passive;IntDiff;MentalH;Child;Unclear
Whiteside;2010;1;DBT-BASICS;The Beck Anxiety Inventory (BAI);67;43;38;Relaxation Control Condition;66;53;43;11,63;10,58;18,52;14,18;37;197;,545854683496153;,0514108462388682;Both_genders;18,92;child;AccMind;DBT;Passive;IntDiff;MentalH;Child;Unclear
Whiteside;2010;1;DBT-BASICS;Difficulties in Emotion Regulation Scale (DERS);67;43;38;Relaxation Control Condition;66;53;43;82,59;20,98;99,28;27,58;37;198;,675453532930191;,0523878841379619;Both_genders;18,92;child;AccMind;DBT;Passive;EmoReg;EmoMeasure;Child;Unclear
Wilkinson;2008;1;CBT: SSRI+CBT+TAU;RDQ Rumination - brooding;15;13;13;TAU;11;10;10;3,5;2,6;6,1;4;38;199;,794101388315984;,190631707682324;Both_genders;15;child;NotAccMind;CBT;Active;EmoReg;EmoMeasure;Child;Unclear
Wilkinson;2008;1;CBT: SSRI+CBT+TAU;RDQ Rumination Reflecting;15;13;13;TAU;11;10;10;2,5;2,8;4,1;2,5;38;200;,598007734772832;,184697278028471;Both_genders;15;child;NotAccMind;CBT;Active;EmoReg;EmoMeasure;Child;Unclear
Wilkinson;2008;1;CBT: SSRI+CBT+TAU;MFQ Mood and FeelingsQuestionnaire;15;13;13;TAU;11;10;10;16,2;14,3;19,3;23,8;38;201;,163472592898615;,177504017980229;Both_genders;15;child;NotAccMind;CBT;Active;IntDiff;MentalH;Child;Unclear
Whineman;2009;3;DBT-based journal writing;Beck Depression Inventory (BDI); ;21;21;Treatment as usual; ;19;19;10,7;6,8;14,8;8,9;36;193;,521300494288145;,103647554133229;Girls_only; ;child;AccMind;DBT;Active;IntDiff;MentalH;Child;Unclear
Whineman;2009;3;DBT-based journal writing;Toronto Alexithymia Scale (TAS-20); ;21;21;Treatment as usual; ;19;19;56,5;14,1;55,2;12,3;36;194;-,0979076322429977;,100370450372059;Girls_only; ;child;AccMind;DBT;Active;EmoReg;EmoMeasure;Child;Unclear
Whineman;2009;3;DBT-based journal writing;Difficulties in Emotion Regulation Scale (DERS); ;21;21;Treatment as usual; ;19;19;101,3;24,9;115,3;26,8;36;195;,542269186488977;,103926324949109;Girls_only; ;child;AccMind;DBT;Active;EmoReg;EmoMeasure;Child;Unclear
Cook;2019;1;guided Web-based RFCBT (i-RFCBT);PHQ-9: Patient Health Questionnaire.;82;82;59;Waitlist control;77;77;66;4,75;3,2;5,4;4,1;5;202;,17553500131565;,0322239178406356;Both_genders; ;child;AccMind;Rumfocus;Passive;IntDiff;MentalH;Child;Unclear
Cook;2019;1;guided Web-based RFCBT (i-RFCBT);GAD-7: Generalized Anxiety Disorder Screener.;82;82;59;Waitlist control;77;77;66;5,58;4,2;6,27;4,3;5;203;,162233137262224;,0322059460571918;Both_genders; ;child;AccMind;Rumfocus;Passive;IntDiff;MentalH;Child;Unclear
Cook;2019;1;guided Web-based RFCBT (i-RFCBT);PSWQ: Penn State Worry Questionnaire.;82;82;59;Waitlist control;77;77;66;57,27;9,5;58,45;9;5;204;,127717454478566;,032165914686602;Both_genders; ;child;AccMind;Rumfocus;Passive;EmoReg;EmoMeasure;Child;Unclear
Cook;2019;1;guided Web-based RFCBT (i-RFCBT); RRS: Ruminative Response Scale;82;82;59;Waitlist control;77;77;66;44,34;10,6;48,21;11,1;5;205;,356120953003738;,0326079562265612;Both_genders; ;child;AccMind;Rumfocus;Passive;EmoReg;EmoMeasure;Child;Unclear
Cook;2019;2;unguided Web-based RFCBT (i-RFCBT);PHQ-9: Patient Health Questionnaire.;76;76;57;Waitlist control;77;77;66;4,02;3,6;5,21;4,1;5;206;,306968449814534;,0330784220737336;Both_genders; ;child;AccMind;Rumfocus;Passive;IntDiff;MentalH;Child;Unclear
Cook;2019;2;unguided Web-based RFCBT (i-RFCBT);GAD-7: Generalized Anxiety Disorder Screener.;76;76;57;Waitlist control;77;77;66;4,94;4;5,98;4,3;5;207;,249769157193247;,0329489708652112;Both_genders; ;child;AccMind;Rumfocus;Passive;IntDiff;MentalH;Child;Unclear
Cook;2019;2;unguided Web-based RFCBT (i-RFCBT);PSWQ: Penn State Worry Questionnaire.;76;76;57;Waitlist control;77;77;66;55,77;10,5;57,6;9;5;208;,188213055363553;,032839375427505;Both_genders; ;child;AccMind;Rumfocus;Passive;EmoReg;EmoMeasure;Child;Unclear
Cook;2019;2;unguided Web-based RFCBT (i-RFCBT); RRS: Ruminative Response Scale;76;76;57;Waitlist control;77;77;66;44,47;10,7;47,01;11,1;5;209;,232671085663154;,032915439166913;Both_genders; ;child;AccMind;Rumfocus;Passive;EmoReg;EmoMeasure;Child;Unclear
Cotton;2020;3;Mindfulness-Based Cognitive Therapy for Children (MBCT-C);Clinician-rated anxiety (PARS);24;24;17;Waitlist control;24;19;15;5,6;5,7;9,6;4,4;6;210;,77904998246391;,134973303503072;Both_genders;13,6;clinician;AccMind;Mindfocus;Passive;IntDiff;MentalH;Clinician;Unclear
Cotton;2020;3;Mindfulness-Based Cognitive Therapy for Chil- dren (MBCT-C);Child-rated state anxiety (STAI) State-Trait Anxiety Inventory.;24;24;17;Waitlist control;24;19;15;34,6;9;34,1;6,9;6;211;-,0618189142489296;,125549908237164;Both_genders;13,6;child;AccMind;Mindfocus;Passive;IntDiff;MentalH;Child;Unclear
Cotton;2020;3;Mindfulness-Based Cognitive Therapy for Chil- dren (MBCT-C);Child-rated trait anxiety (STAI) State-Trait Anxiety Inventory.;24;24;17;Waitlist control;24;19;15;31,2;10,2;37,8;10,2;6;212;,647058823529412;,132032151095732;Both_genders;13,6;child;AccMind;Mindfocus;Passive;IntDiff;MentalH;Child;Unclear
Cotton;2020;3;Mindfulness-Based Cognitive Therapy for Chil- dren (MBCT-C);Emotional lability (ERC);24;24;17;Waitlist control;24;19;15;28,5;6,1;29,7;6,6;6;213;-,189326894770145;,126050269095358;Both_genders;13,6;parent;AccMind;Mindfocus;Passive;EmoReg;EmoMeasure;Parent;Unclear
Cotton;2020;3;Mindfulness-Based Cognitive Therapy for Chil- dren (MBCT-C);Emotion regulation (ERC);24;24;17;Waitlist control;24;19;15;23,8;5,3;24,3;4,6;6;214;-,100289250162224;,125647351292464;Both_genders;13,6;parent;AccMind;Mindfocus;Passive;EmoReg;EmoMeasure;Parent;Unclear
Cotton;2020;3;Mindfulness-Based Cognitive Therapy for Chil- dren (MBCT-C);Mindfulness (CAMM);24;24;17;Waitlist control;24;19;15;27,2;10,1;24,6;9;6;215;,27076674669015;,126635737189575;Both_genders;13,6;child;AccMind;Mindfocus;Passive;EmoReg;EmoMeasure;Child;Unclear
Cotton;2020;3;Mindfulness-Based Cognitive Therapy for Chil- dren (MBCT-C);Clinical global severity (CGI-S);24;24;17;Waitlist control;24;19;15;2,3;1,2;3,4;1;6;216;,989960402375842;,140803033551434;Both_genders;13,6;clinician;AccMind;Mindfocus;Passive;OtherSR;MentalH;Clinician;Unclear
Griffiths;2019;1;Mentalization based treatment for adolescents (MBT-Ai);Total (RTSHI) Risk-Taking and Self-Harm Inventory;26;22;22;TAU;27;26;26;38,78;19,65;36;18,8;13;217;-,144846632739136;,0841346312808325;Both_genders;15,5;child;NotAccMind;Psychodyn;Active;OtherSR;MentalH;Child;Unclear
Griffiths;2019;1;Mentalization based treatment for adolescents (MBT-Ai);RCADS Inter internalizing total;26;22;22;TAU;27;26;26;87,99;23,67;73,15;24,24;13;218;-,618811278468501;,0879049109823321;Both_genders;15,5;child;NotAccMind;Psychodyn;Active;IntDiff;MentalH;Child;Unclear
Griffiths;2019;1;Mentalization based treatment for adolescents (MBT-Ai);RFQY Reflective Functioning Questionnaire for Youths Total;26;22;22;TAU;27;26;26;8,34;,82;8,14;,78;13;219;,250466656626946;,0845695583544368;Both_genders;15,5;child;NotAccMind;Psychodyn;Active;GenMentH;MentalH;Child;Unclear
Griffiths;2019;1;Mentalization based treatment for adolescents (MBT-Ai);DERS (Difficulties in Emotion Regulation Scale) - NA nonacceptance;26;22;22;TAU;27;26;26;21,32;5,5;20,23;6,11;13;220;-,186661986830827;,0842790286799134;Both_genders;15,5;child;NotAccMind;Psychodyn;Active;EmoReg;EmoMeasure;Child;Unclear
Griffiths;2019;1;Mentalization based treatment for adolescents (MBT-Ai);DERS (Difficulties in Emotion Regulation Scale) - Goal difficulties;26;22;22;TAU;27;26;26;20,95;3,2;20,85;3,29;13;221;-,0307765952298547;,0839259505703958;Both_genders;15,5;child;NotAccMind;Psychodyn;Active;EmoReg;EmoMeasure;Child;Unclear
Griffiths;2019;1;Mentalization based treatment for adolescents (MBT-Ai);DERS (Difficulties in Emotion Regulation Scale) impulse control difficulties;26;22;22;TAU;27;26;26;22,82;5,21;21,88;5,3;13;222;-,17873766701283;,0842488667661796;Both_genders;15,5;child;NotAccMind;Psychodyn;Active;EmoReg;EmoMeasure;Child;Unclear
Griffiths;2019;1;Mentalization based treatment for adolescents (MBT-Ai);DERS (Difficulties in Emotion Regulation Scale) lack of emotional awareness;26;22;22;TAU;27;26;26;21,5;4,03;21,76;4,62;13;223;,059625278609103;,0839531169770132;Both_genders;15,5;child;NotAccMind;Psychodyn;Active;EmoReg;EmoMeasure;Child;Unclear
Griffiths;2019;1;Mentalization based treatment for adolescents (MBT-Ai);DERS (Difficulties in Emotion Regulation Scale) emotion regulation strategies;26;22;22;TAU;27;26;26;30,18;6,17;29,61;7,24;13;224;-,0841635767510144;,0839898704541206;Both_genders;15,5;child;NotAccMind;Psychodyn;Active;EmoReg;EmoMeasure;Child;Unclear
Griffiths;2019;1;Mentalization based treatment for adolescents (MBT-Ai);DERS (Difficulties in Emotion Regulation Scale) lack of emotional clarity;26;22;22;TAU;27;26;26;17,91;4,29;16,48;4,7;13;225;-,316550638319304;,0849598787767127;Both_genders;15,5;child;NotAccMind;Psychodyn;Active;EmoReg;EmoMeasure;Child;Unclear
Griffiths;2019;1;Mentalization based treatment for adolescents (MBT-Ai);ECRS Experiences in Close Relationships Scale - Anxiety;26;22;22;TAU;27;26;26;3,41;1,81;3,09;1,79;13;226;-,177860975644971;,0842456102354316;Both_genders;15,5;child;NotAccMind;Psychodyn;Active;IntDiff;MentalH;Child;Unclear
Griffiths;2019;1;Mentalization based treatment for adolescents (MBT-Ai);ECRS Experiences in Close Relationships Scale- Avoid;26;22;22;TAU;27;26;26;3,83;,79;3,84;,46;13;227;,0158130642306985;,0839186886348377;Both_genders;15,5;child;NotAccMind;Psychodyn;Active;OtherSR;MentalH;Child;Unclear
Griffiths;2019;1;Mentalization based treatment for adolescents (MBT-Ai);BPF Borderline Personality Features Scale for Children;26;22;22;TAU;27;26;26;29,59;6,91;27,5;5,88;13;228;-,3280536618985;,0850371173023862;Both_genders;15,5;child;NotAccMind;Psychodyn;Active;OtherSR;MentalH;Child;Unclear
Idsoe;2019;1;Adolescent Coping with Depression Course (ACDC),;CES-D Depression Scale for adolescents;133;122;80;Usual Care;95;95;69;26,85;11,82;29,55;10,77;16;229;,237961566376424;,0271827727744378;Both_genders;16,7;child;NotAccMind;CBT;Active;IntDiff;MentalH;Child;Low
Idsoe;2019;1;Adolescent Coping with Depression Course (ACDC),;ATQ Automatic Thoughts Questionnaire;133;122;80;Usual Care;95;95;69;2,66;1,04;2,79;1,04;16;230;,125;,0270451865090944;Both_genders;16,7;child;NotAccMind;CBT;Active;IntDiff;MentalH;Child;Low
Idsoe;2019;1;Adolescent Coping with Depression Course (ACDC),;DAS Dysfunctional Attitude Scale: perfectionism/performance;133;122;80;Usual Care;95;95;69;4,42;1,28;3,95;1,22;16;231;,375218887509601;,0274652006485036;Both_genders;16,7;child;NotAccMind;CBT;Active;OtherSR;MentalH;Child;Low
Idsoe;2019;1;Adolescent Coping with Depression Course (ACDC),;DAS Dysfunctional Attitude Scale: dependency;133;122;80;Usual Care;95;95;69;3,68;1,22;3,5;1,32;16;232;,142040998302363;,0270604571305667;Both_genders;16,7;child;NotAccMind;CBT;Active;OtherSR;MentalH;Child;Low
Idsoe;2019;1;Adolescent Coping with Depression Course (ACDC),;ERQ Emotion Regulation Questionnaire suppression;133;122;80;Usual Care;95;95;69;3,88;1,34;4,17;1,29;16;233;,220179579422775;,0271554349896139;Both_genders;16,7;child;NotAccMind;CBT;Active;EmoReg;EmoMeasure;Child;Low
Idsoe;2019;1;Adolescent Coping with Depression Course (ACDC),;ERQ Emotion Regulation Questionnaire : reappraisal;133;122;80;Usual Care;95;95;69;4,09;1,15;3,87;1,14;16;234;,192075153440122;,0271165551821449;Both_genders;16,7;child;NotAccMind;CBT;Active;EmoReg;EmoMeasure;Child;Low
Idsoe;2019;1;Adolescent Coping with Depression Course (ACDC),;RRS Ruminative Responses Scale: brooding;133;122;80;Usual Care;95;95;69;2,56;,74;2,72;,7;16;235;,221676591342133;,0271576546673128;Both_genders;16,7;child;NotAccMind;CBT;Active;EmoReg;EmoMeasure;Child;Low
Idsoe;2019;1;Adolescent Coping with Depression Course (ACDC),;RRS Ruminative Responses Scale: reflection;133;122;80;Usual Care;95;95;69;2,08;,64;2,32;,74;16;236;,348803043284236;,0274010206131359;Both_genders;16,7;child;NotAccMind;CBT;Active;EmoReg;EmoMeasure;Child;Low
Lee;2020;1;ACT acceptance and commitment therapy;AAQ-II Acceptance and Action Questionnaire-II; ;8;7;Waitlist; ;6;4;19,07;8,63;22,5;9,75;21;237;-,380316640918998;,399431722282593;Both_genders;21;child;AccMind;ACT;Active;EmoReg;EmoMeasure;Child;Unclear
Lindqvist;2020;1;IPDT affect-focused internet-based psychodynamic therapy;MADRS-S: Montgomery Åsberg Depression Rating Scale;38;34;34;supportive control;38;38;38;18,97;7,53;25,84;8,51;22;238;,852055576847931;,0607692118603837;Both_genders;16,6;child;AccMind;Psychodyn;Active;IntDiff;MentalH;Child;Low
Lindqvist;2020;1;IPDT affect-focused internet-based psychodynamic therapy;GAD-7: Generalized Anxiety Disorder;38;34;34;supportive control;38;38;38;8,18;4,62;10,42;4,65;22;239;,483187519288807;,0573488748656532;Both_genders;16,6;child;AccMind;Psychodyn;Active;IntDiff;MentalH;Child;Low
Lindqvist;2020;1;IPDT affect-focused internet-based psychodynamic therapy;DERS: Difficulties in Emotion Regulation Scale;38;34;34;supportive control;38;38;38;41,53;14,47;53;14,41;22;240;,794413931698222;,0601101478939848;Both_genders;16,6;child;AccMind;Psychodyn;Active;EmoReg;EmoMeasure;Child;Low
Lindqvist;2020;1;IPDT affect-focused internet-based psychodynamic therapy;SCS-SF: Self-Compassion Scale short-form;38;34;34;supportive control;38;38;38;31,06;7,31;27,08;7,69;22;241;,529730660725354;,0576762664914591;Both_genders;16,6;child;AccMind;Psychodyn;Active;EmoReg;EmoMeasure;Child;Low
Lindqvist;2020;1;IPDT affect-focused internet-based psychodynamic therapy;QIDS-A17-SR: Quick Inventory of Depressive Symptomatology for Adolescents;38;38;33;supportive control;38;38;37;9,3;5,084;13,24;5,101;22;242;,773609764720892;,0616048578162824;Both_genders;16,6;child;AccMind;Psychodyn;Active;IntDiff;MentalH;Child;Low
Shabani;2019;1;ACT + SSRI group acceptance and commitment therapy;CY-BOCS Children's Yale-Brown Obsessive Compulsive Scale;22;22;20;Continued SSRI (TAU);25;25;25;16,85;3,91;20,72;3,71;30;257;1,01850938785844;,101526237479509;Both_genders;14,96;clinician;AccMind;ACT;Active;OtherSR;MentalH;Clinician;Low
Shabani;2019;1;ACT + SSRI group acceptance and commitment therapy;CDI Children's Depression Inventory;22;22;20;Continued SSRI;25;25;25;12,15;2,46;13,88;2,65;30;258;,67373354991404;,0950435210697753;Both_genders;14,96;child;AccMind;ACT;Active;IntDiff;MentalH;Child;Low
Shabani;2019;1;ACT + SSRI group acceptance and commitment therapy;AFQ-Y8 The Avoidance and Fusion Questionnaire for Youth;22;22;20;Continued SSRI;25;25;25;11,6;3,72;18,92;4,85;30;259;1,66866549321128;,120938272535934;Both_genders;14,96;child;AccMind;ACT;Active;EmoReg;EmoMeasure;Child;Low
Shabani;2019;1;ACT + SSRI group acceptance and commitment therapy;VLQ The Valued-Living Questionnaire;22;22;20;Continued SSRI;25;25;25;47,48;6,5;36,73;6,14;30;260;-1,70591425451311;,122334927152789;Both_genders;14,96;child;AccMind;ACT;Active;OtherSR;MentalH;Child;Low
Shabani;2019;1;ACT + SSRI group acceptance and commitment therapy;CAMM Child and Adolescent Mindfulness Measure;22;22;20;Continued SSRI;25;25;25;29,45;4,01;23,36;4,65;30;261;1,39080494133079;,111492648720335;Both_genders;14,96;child;AccMind;ACT;Active;EmoReg;EmoMeasure;Child;Low
Shabani;2019;1;CBT + SSRI;CY-BOCS Children's Yale-Brown Obsessive Compulsive Scale;22;22;19;Continued SSRI;25;25;25;16,47;2,04;20,72;3,71;30;262;1,36821253153104;,113904369077352;Both_genders;14,96;clinician;NotAccMind;CBT;Active;OtherSR;MentalH;Clinician;Low
Shabani;2019;1;CBT + SSRI;CDI Children's Depression Inventory;22;22;19;Continued SSRI;25;25;25;12,21;2,15;13,88;2,65;30;263;,682119852589549;,097918936825741;Both_genders;14,96;child;NotAccMind;CBT;Active;IntDiff;MentalH;Child;Low
Shabani;2019;1;CBT + SSRI;AFQ-Y8 The Avoidance and Fusion Questionnaire for Youth;22;22;19;Continued SSRI;25;25;25;13,74;3,68;18,92;4,85;30;264;1,18077528932629;,108475104900591;Both_genders;14,96;child;NotAccMind;CBT;Active;EmoReg;EmoMeasure;Child;Low
Shabani;2019;1;CBT + SSRI;VLQ The Valued-Living Questionnaire;22;22;19;Continued SSRI;25;25;25;38,6;5,31;36,73;6,14;30;265;-,32247768419558;,0938133045928701;Both_genders;14,96;child;NotAccMind;CBT;Active;OtherSR;MentalH;Child;Low
Shabani;2019;1;CBT + SSRI;CAMM Child and Adolescent Mindfulness Measure;22;22;19;Continued SSRI;25;25;25;25,05;3,67;23,36;4,65;30;266;,396926925747499;,0944219310426339;Both_genders;14,96;child;NotAccMind;CBT;Active;OtherSR;MentalH;Child;Low
Hancock;2018;1;ACT Acceptance and Commitment Therapy;ADIS-IV  Clinical Severity Rating;68;68;54;WLC 10-week waitlist control;62;62;46;4,31;2,52;6,18;1,8;14;243;,842876526498627;,0438098531479131;Both_genders;11,2;clinician;AccMind;ACT;Passive;GenMentH;MentalH;Clinician;Unclear
Hancock;2018;1;ACT Acceptance and Commitment Therapy;ADIS-IV  Anxiety Diagnoses;68;68;54;WLC 10-week waitlist control;62;62;46;1,88;1,65;2,85;1,51;14;244;,61112051871588;,042124990395279;Both_genders;11,2;clinician;AccMind;ACT;Passive;IntDiff;MentalH;Clinician;Unclear
Hancock;2018;1;ACT Acceptance and Commitment Therapy;MASC Multidimensional Anxiety scale for children;68;68;54;WLC 10-week waitlist control;62;62;46;54,56;13,33;61,23;11,67;14;245;,529577310485484;,0416599095922063;Both_genders;11,2;child;AccMind;ACT;Passive;IntDiff;MentalH;Child;Unclear
Hancock;2018;1;ACT Acceptance and Commitment Therapy;CALIS–Parent Interference;68;68;54;WLC 10-week waitlist control;62;62;46;11,15;5,18;16;3,41;14;246;1,08855997887275;,0461824630913184;Both_genders;11,2;parent;AccMind;ACT;Passive;IntDiff;MentalH;Parent;Unclear
Hancock;2018;1;ACT Acceptance and Commitment Therapy;CALIS–Family Interference;68;68;54;WLC 10-week waitlist control;62;62;46;9,77;5,4;13,22;3,76;14;247;,731202056193736;,0429309311882109;Both_genders;11,2;child;AccMind;ACT;Passive;IntDiff;MentalH;Child;Unclear
Hancock;2018;1;ACT Acceptance and Commitment Therapy;CHQ: The Child Health Questionnaire–Psychosocial;68;68;54;WLC 10-week waitlist control;62;62;46;45,45;8,59;35,55;11,25;14;248;,999942649270621;,0452570754624529;Both_genders;11,2;parent;AccMind;ACT;Passive;GenMentH;MentalH;Parent;Unclear
Hancock;2018;1;ACT Acceptance and Commitment Therapy;AFQ Avoidance and Fusion Questionnaire;68;68;54;WLC 10-week waitlist control;62;62;46;22,3;11,96;30,53;13,5;14;249;,648523317948015;,0423605614229126;Both_genders;11,2;child;AccMind;ACT;Passive;EmoReg;EmoMeasure;Child;Unclear
Hancock;2018;1;CBT;ADIS-IV  Clinical Severity Rating;63;63;57;WLC 10-week waitlist control;62;62;46;3,44;2,86;6,18;1,8;14;250;1,12058287556644;,045378650185909;Both_genders;11,2;clinician;NotAccMind;CBT;Passive;GenMentH;MentalH;Clinician;Unclear
Hancock;2018;1;CBT;ADIS-IV  Anxiety Diagnoses;63;63;57;WLC 10-week waitlist control;62;62;46;1,43;1,38;2,85;1,51;14;251;,986541511151289;,0440075733519863;Both_genders;11,2;clinician;NotAccMind;CBT;Passive;IntDiff;MentalH;Clinician;Unclear
Hancock;2018;1;CBT;MASC Multidimensional Anxiety scale for children;63;63;57;WLC 10-week waitlist control;62;62;46;49,46;11,56;61,23;11,67;14;252;1,01385644218416;,0442728196244798;Both_genders;11,2;child;NotAccMind;CBT;Passive;IntDiff;MentalH;Child;Unclear
Hancock;2018;1;CBT;CALIS–Parent Interference;63;63;57;WLC 10-week waitlist control;62;62;46;13,23;4,51;16;3,41;14;253;,682785727212608;,0415460791581057;Both_genders;11,2;parent;NotAccMind;CBT;Passive;IntDiff;MentalH;Parent;Unclear
Hancock;2018;1;CBT;CALIS–Family Interference;63;63;57;WLC 10-week waitlist control;62;62;46;10,79;5,88;13,22;3,76;14;254;,481505466156886;,0404084634525411;Both_genders;11,2;child;NotAccMind;CBT;Passive;IntDiff;MentalH;Child;Unclear
Hancock;2018;1;CBT;CHQ–Psychosocial;63;63;57;WLC 10-week waitlist control;62;62;46;46,18;9,98;35,55;11,25;14;255;1,00617947032407;,0441975392416803;Both_genders;11,2;parent;NotAccMind;CBT;Passive;GenMentH;MentalH;Parent;Unclear
Hancock;2018;1;CBT;AFQ Avoidance and Fusion Questionnaire;63;63;57;WLC 10-week waitlist control;62;62;46;19,67;12,02;30,53;13,5;14;256;,855069233407524;,0428322298602167;Both_genders;11,2;child;NotAccMind;CBT;Passive;EmoReg;EmoMeasure;Child;Unclear
Betancourt;2016;1;YRI Youth Readiness Intervention;DERS - emotion regulation;222;216;205;Waitlist control group;214;207;191;3,56;,38;3,41;3,54;3;299;-,0606441985984456;,0101182944591019;Both_genders;18;child;NotAccMind;CBT;Passive;EmoReg;EmoMeasure;Child;Low
Hoorelbeke;2015;1; CCT: Working memory based Cognitive Control Training;BDI Beck Depression Inventory Depressive symptomatology; ;25;25;VST visual search training (active control); ;22;22;12,12;11,33;9,41;7,84;15;267;-,27495004136047;,0862587744465042;Both_genders; ;child;NotAccMind;CogTrain;Active;IntDiff;MentalH;Child;Unclear
Hoorelbeke;2015;1; CCT: Working memory based Cognitive Control Training;MASQ Mood and Anxiety Symptom Questionnaire general distress; ;25;25;VST visual search training (active control); ;22;22;23,76;9,84;19,59;6,36;15;268;-,496580609175415;,0880778678099606;Both_genders; ;child;NotAccMind;CogTrain;Active;IntDiff;MentalH;Child;Unclear
Hoorelbeke;2015;1; CCT: Working memory based Cognitive Control Training;MASQ Mood and Anxiety Symptom Questionnaire anhedonic depression; ;25;25;VST visual search training (active control); ;22;22;33,68;9,16;31,23;7,43;15;269;-,29176604779473;,0863601563763088;Both_genders; ;child;NotAccMind;CogTrain;Active;IntDiff;MentalH;Child;Unclear
Hoorelbeke;2015;1; CCT: Working memory based Cognitive Control Training;MASQ Mood and Anxiety Symptom Questionnaire anxious arousal; ;25;25;VST visual search training (active control); ;22;22;16,6;7,25;13,86;4,21;15;270;-,454747012269785;,0876544906159103;Both_genders; ;child;NotAccMind;CogTrain;Active;IntDiff;MentalH;Child;Unclear
Hoorelbeke;2015;1; CCT: Working memory based Cognitive Control Training;PSWQ Penn State Worry Questionnaire Worrying; ;25;25;VST visual search training (active control); ;22;22;55,12;14,36;56;7,88;15;271;,0746524852205567;,0855138326199668;Both_genders; ;child;NotAccMind;CogTrain;Active;EmoReg;EmoMeasure;Child;Unclear
Hoorelbeke;2015;1; CCT: Working memory based Cognitive Control Training;RRS-NL Ruminative Response Scale Brooding; ;25;25;VST visual search training (active control); ;22;22;11,76;3,9;12,55;2,87;15;272;,228473690319979;,086009867020167;Both_genders; ;child;NotAccMind;CogTrain;Active;EmoReg;EmoMeasure;Child;Unclear
Hoorelbeke;2015;1; CCT: Working memory based Cognitive Control Training;RRS-NL Ruminative Response Scale Reflection; ;25;25;VST visual search training (active control); ;22;22;10,96;3,78;9,73;3,47;15;273;-,338040103526597;,0866701955778675;Both_genders; ;child;NotAccMind;CogTrain;Active;EmoReg;EmoMeasure;Child;Unclear
Hoorelbeke;2015;1; CCT: Working memory based Cognitive Control Training;ACS-NL Attentional Control Scale Attention; ;25;25;VST visual search training (active control); ;22;22;47,36;9,05;46,64;7,01;15;274;,0882168936695728;,0855373350325104;Both_genders; ; ;NotAccMind;CogTrain;Active;OtherSR;MentalH; ;Unclear
Hoorelbeke;2015;1; CCT: Working memory based Cognitive Control Training;PANAS Positive and Negative Affect Schedule Positive affect; ;25;25;VST visual search training (active control); ;22;22;28,24;8,29;27,27;6,09;15;275;,132048421823673;,0856400431748233;Both_genders; ;child;NotAccMind;CogTrain;Active;EmoReg;EmoMeasure;Child;Unclear
Hoorelbeke;2015;1; CCT: Working memory based Cognitive Control Training;PANAS Positive and Negative Affect Schedule Negative affect; ;25;25;VST visual search training (active control); ;22;22;17,48;7,56;13,95;3,39;15;276;-,589604811330406;,0891527777262897;Both_genders; ;child;NotAccMind;CogTrain;Active;EmoReg;EmoMeasure;Child;Unclear
Hoorelbeke;2015;1; CCT: Working memory based Cognitive Control Training;RS-NL Dutch Resilience Scale resilience; ;25;25;VST visual search training (active control); ;22;22;71,68;9,83;72,18;7,71;15;277;-,0561563869739372;,0854880937502685;Both_genders; ; ;NotAccMind;CogTrain;Active;OtherSR;MentalH; ;Unclear
Burke;2016;1;STOP NOW AND PLAN- SNAP;OEQ Outcome Expectations Questionnaire-REMORSE; ;130;116;Treatment as usual;122;122;122; ; ; ; ;4;16;,33;,0170461924792529;Boys_only;8,5;child;NotAccMind;CBT;Active;EmoReg;EmoMeasure;Child;Low
Burke;2016;1;STOP NOW AND PLAN- SNAP;OEQ Outcome Expectations Questionnaire-PUNISH; ;130;116;Treatment as usual;122;122;122; ; ; ; ;4;17;,36;,0170896798742108;Boys_only;8,5;child;NotAccMind;CBT;Active;EmoReg;EmoMeasure;Child;Low
Burke;2016;1;STOP NOW AND PLAN- SNAP;OEQ Outcome Expectations Questionnaire-VICTIM; ;130;116;Treatment as usual;122;122;122; ; ; ; ;4;18;,31;,0170193017229503;Boys_only;8,5;child;NotAccMind;CBT;Active;EmoReg;EmoMeasure;Child;Low
Burke;2016;1;STOP NOW AND PLAN- SNAP;SCS, Self-Compassion Scale - prosocial/communication skills; ;130;116;Treatment as usual;122;122;122; ; ; ; ;4;19;,38;,0171207723111856;Boys_only;8,5;parent;NotAccMind;CBT;Active;EmoReg;EmoMeasure;Parent;Low
Burke;2016;1;STOP NOW AND PLAN- SNAP;SCS, Self-Compassion Scale -emotion regulation; ;130;116;Treatment as usual;122;122;122; ; ; ; ;4;20;,4;,0171535454204293;Boys_only;8,5;parent;NotAccMind;CBT;Active;EmoReg;EmoMeasure;Parent;Low
Mogoas¸e;2013;1;Concreteness training (CNT);PEQ problem elaboration questionnaire (Concreteness of Thinking);21;20;20;Wait-list control;21;21;21;11,2;3,44;9,04;3,52;25;290;,620465841789766;,102313899580363;Both_genders;22,87;child;NotAccMind;CogTrain;Active;OtherSR;MentalH;Child;Low
Mogoas¸e;2013;1;Concreteness training (CNT);AMT autobiographical memory test (måler concrete thinking);21;20;20;Wait-list control;21;21;21;10,95;2,52;8,95;3,63;25;291;,637215169122162;,102570793616113;Both_genders;22,87;child;NotAccMind;CogTrain;Active;OtherSR;MentalH;Child;Low
Mogoas¸e;2013;1;Concreteness training (CNT);BDI-II Beck Depression Inventory-II;21;20;20;Wait-list control;21;21;21;19;10,6;17,38;9,29;25;292;-,162817770704245;,0979423357465732;Both_genders;22,87;child;NotAccMind;CogTrain;Active;IntDiff;MentalH;Child;Low
Mogoas¸e;2013;1;Concreteness training (CNT);RRS rumination response scale;21;20;20;Wait-list control;21;21;21;45,05;12,01;41,2;10,66;25;293;-,339572347176424;,0990252595576684;Both_genders;22,87;child;NotAccMind;CogTrain;Active;EmoReg;EmoMeasure;Child;Low
Mogoas¸e;2013;1;Concreteness training (CNT);GE global evaluation subscale (attitude and beliefs scale) measures irrational cognitions;21;20;20;Wait-list control;21;21;21;36,4;10,01;42,05;7,43;25;294;,643352601892203;,102666639940529;Both_genders;22,87;child;NotAccMind;CogTrain;Active;EmoReg;EmoMeasure;Child;Low
Yang et. al.;2016;1;Attention bias modification (ABM) intervention;HAM-D 17-Item Hamilton Depression Rating Scale;23;23;23;Placebo ABM training;22;22;22;9,7;4,83;14,68;10,04;39;295;,636766146706019;,0934380410528977;Both_genders;14,96;clinician;NotAccMind;CogTrain;Passive;IntDiff;MentalH;Clinician;Low
Yang et. al.;2016;1;Attention bias modification (ABM) intervention;CES-D  Depression Scale for adolescents;23;23;23;Placebo ABM training;22;22;22;30,65;11,78;31,45;10;39;296;,0730799354896519;,0889921471793459;Both_genders;14,96;child;NotAccMind;CogTrain;Passive;IntDiff;MentalH;Child;Low
Yang et. al.;2016;1;Attention bias modification (ABM) intervention;STAI-T StateTrait Anxiety Inventory–Trait version;23;23;23;Placebo ABM training;22;22;22;50,65;10,03;53,5;6,21;39;297;,339903221372662;,0902165196563275;Both_genders;14,96;child;NotAccMind;CogTrain;Passive;IntDiff;MentalH;Child;Low
Yang et. al.;2016;1;Attention bias modification (ABM) intervention;RRS Rumination Response Style;23;23;23;Placebo ABM training;22;22;22;49,57;10,9;52,64;10,55;39;298;,286100472143105;,0898422894370052;Both_genders;14,96;child;NotAccMind;CogTrain;Passive;EmoReg;EmoMeasure;Child;Low
McIndoo;2016;1;BA Behavioral activation;BDI-II Beck Depression Inventory;16;16;15;WLC Wait-list control condition;14;14;13;13,93;10,15;25,5;11,83;24;278;1,0559037336445;,163499255995536;Both_genders;19,2;child;NotAccMind;Other;Passive;IntDiff;MentalH;Child;Low
McIndoo;2016;1;BA Behavioral activation;HRSD Hamilton Rating Scale for Depression;16;16;15;WLC Wait-list control condition;14;14;13;6,57;4,47;13,08;4,85;24;279;1,40022716913041;,178601102967796;Both_genders;19,2;clinician;NotAccMind;Other;Passive;IntDiff;MentalH;Clinician;Low
McIndoo;2016;1;BA Behavioral activation;PSS Perceived Stress Scale;16;16;15;WLC Wait-list control condition;14;14;13;19,14;5,89;25;4,47;24;280;1,109372751152;,165566670393289;Both_genders;19,2;child;NotAccMind;Other;Passive;OtherSR;MentalH;Child;Low
McIndoo;2016;1;BA Behavioral activation;RRS Ruminative Response Scale;16;16;15;WLC Wait-list control condition;14;14;13;42,5;10,73;57,17;8,39;24;281;1,50922012289201;,184263768220854;Both_genders;19,2;child;NotAccMind;Other;Passive;EmoReg;EmoMeasure;Child;Low
McIndoo;2016;1;BA Behavioral activation;FFMQ Five-Facet Mindfulness Questionnaire;16;16;15;WLC Wait-list control condition;14;14;13;113;12,76;108,92;14,29;24;282;,302496991427903;,145223751265153;Both_genders;19,2;child;NotAccMind;Other;Passive;EmoReg;EmoMeasure;Child;Low
McIndoo;2016;1;BA Behavioral activation;BAI Beck Anxiety Inventory;16;16;15;WLC Wait-list control condition;14;14;13;12,21;8,63;16,05;9,19;24;283;,431807839223236;,146919350911434;Both_genders;19,2;child;NotAccMind;Other;Passive;IntDiff;MentalH;Child;Low
McIndoo;2016;1;MBT Mindfulness-based therapy;BDI-II Beck Depression Inventory;20;20;18;WLC Wait-list control condition;14;14;13;16,5;12,8;25,5;11,83;24;284;,725348942073213;,140964617765193;Both_genders;19,2;child;AccMind;Mindfocus;Passive;IntDiff;MentalH;Child;Low
McIndoo;2016;1;MBT Mindfulness-based therapy;HRSD Hamilton Rating Scale for Depression;20;20;18;WLC Wait-list control condition;14;14;13;7,44;5,24;13,08;4,85;24;285;1,10974431953669;,152342059168051;Both_genders;19,2;clinician;AccMind;Mindfocus;Passive;IntDiff;MentalH;Clinician;Low
McIndoo;2016;1;MBT Mindfulness-based therapy;PSS Perceived Stress Scale;20;20;18;WLC Wait-list control condition;14;14;13;20,44;8,16;25;4,47;24;286;,663025385013921;,139568997981421;Both_genders;19,2;child;AccMind;Mindfocus;Passive;OtherSR;MentalH;Child;Low
McIndoo;2016;1;MBT Mindfulness-based therapy;RRS Ruminative Response Scale;20;20;18;WLC Wait-list control condition;14;14;13;43,94;13,46;57,17;8,39;24;287;1,13726036581788;,153339296021539;Both_genders;19,2;child;AccMind;Mindfocus;Passive;EmoReg;EmoMeasure;Child;Low
McIndoo;2016;1;MBT Mindfulness-based therapy;FFMQ Five-Facet Mindfulness Questionnaire;20;20;18;WLC Wait-list control condition;14;14;13;119,61;20,06;108,92;14,29;24;288;,597225330756167;,138231504989871;Both_genders;19,2;child;AccMind;Mindfocus;Passive;EmoReg;EmoMeasure;Child;Low
McIndoo;2016;1;MBT Mindfulness-based therapy;BAI Beck Anxiety Inventory;20;20;18;WLC Wait-list control condition;14;14;13;12,06;8,91;16,05;9,19;24;289;,44201144897155;,135629827978986;Both_genders;19,2;child;AccMind;Mindfocus;Passive;IntDiff;MentalH;Child;Low
Ettelson;2002;1;Cognitive-behavioral therapy group treatment;CDI Children's Depression Inventory;13;8;8;Waitlist control;12;12;12;61,88;11,57;71,33;17,73;8;25;,604772136182334;,217477066750897;Both_genders; ;child;NotAccMind;CBT;Passive;IntDiff;MentalH;Child;Low
Ettelson;2002;1;Cognitive-behavioral therapy group treatment;Revised children's manifest anxiety scale RCMAS- total score;13;8;8;Waitlist control;12;12;12;55,13;8,53;64,75;13,74;8;26;,802597702910578;,224437410151267;Both_genders; ;child;NotAccMind;CBT;Passive;IntDiff;MentalH;Child;Low
Ettelson;2002;1;Cognitive-behavioral therapy group treatment;MASQ-anhedonic dep;13;8;8;Waitlist control;12;12;12;64,88;14,91;79,92;13,94;8;27;1,04991060103488;,235891140087469;Both_genders; ;child;NotAccMind;CBT;Passive;IntDiff;MentalH;Child;Low
Ettelson;2002;1;Cognitive-behavioral therapy group treatment;MASQ-anxious arousal;13;8;8;Waitlist control;12;12;12;23,87;6,66;34,58;15,25;8;28;,848369253317142;,22632659308268;Both_genders; ;child;NotAccMind;CBT;Passive;IntDiff;MentalH;Child;Low
Ettelson;2002;1;Cognitive-behavioral therapy group treatment;MASQ-Genreralized distress- depression;13;8;8;Waitlist control;12;12;12;27,25;10,36;36,92;9,39;8;29;,988887802477062;,232780810480531;Both_genders; ;child;NotAccMind;CBT;Passive;IntDiff;MentalH;Child;Low
Ettelson;2002;1;Cognitive-behavioral therapy group treatment;MASQ-Genreralized distress- anxiety;13;8;8;Waitlist control;12;12;12;18,38;6,5;25,5;8,51;8;30;,913968325906764;,229216785852354;Both_genders; ;child;NotAccMind;CBT;Passive;IntDiff;MentalH;Child;Low
Ettelson;2002;1;Cognitive-behavioral therapy group treatment;MASQ-Genreralized distress- mixed;13;8;8;Waitlist control;12;12;12;36,25;11,31;45,92;12,24;8;31;,813494938780666;,224877683718877;Both_genders; ;child;NotAccMind;CBT;Passive;IntDiff;MentalH;Child;Low
Ettelson;2002;1;Cognitive-behavioral therapy group treatment;NMR The Negative Mood Regulation Scale;13;8;8;Waitlist control;12;12;12;99,37;16,83;78,92;15,8;8;32;1,26169651802129;,24813028592301;Both_genders; ;child;NotAccMind;CBT;Passive;EmoReg;EmoMeasure;Child;Low
Ettelson;2002;1;Cognitive-behavioral therapy group treatment;TC thought checklist - depressive cognitions;13;8;8;Waitlist control;12;12;12;16,38;5,81;30,5;12,33;8;33;1,37123624302734;,255340554188127;Both_genders; ;child;NotAccMind;CBT;Passive;GenMentH;MentalH;Child;Low
Ettelson;2002;1;Cognitive-behavioral therapy group treatment;TC thought checklist - anxious cognitions;13;8;8;Waitlist control;12;12;12;16,5;7,34;24;12,06;8;34;,715637705716349;,221136766479407;Both_genders; ;child;NotAccMind;CBT;Passive;GenMentH;MentalH;Child;Low
Ettelson;2002;1;Cognitive-behavioral therapy group treatment;COPE- avoidant coping;13;8;8;Waitlist control;12;12;12;22;2,67;24,92;5,78;8;35;-,606381075416683;,217525783548921;Both_genders; ;child;NotAccMind;CBT;Passive;EmoReg;EmoMeasure;Child;Low
Ettelson;2002;1;Cognitive-behavioral therapy group treatment;COPE- EMOTION FOCUSED coping;13;8;8;Waitlist control;12;12;12;30,83;6,17;32;11,46;8;36;-,119999828183582;,208693332302436;Both_genders; ;child;NotAccMind;CBT;Passive;EmoReg;EmoMeasure;Child;Low
Ettelson;2002;1;Cognitive-behavioral therapy group treatment;COPE- problem focused coping;13;8;8;Waitlist control;12;12;12;63,71;12,36;57,58;13,41;8;37;,471113048967605;,213882020956022;Both_genders; ;child;NotAccMind;CBT;Passive;EmoReg;EmoMeasure;Child;Low
Ford;2012;1;TARGET;NMR The Negative Mood Regulation Scale; ;33;26;Enhanced treatment as usual ETAU; ;26;20;109,7;14;108,5;22;9;38;,0670439569833922;,0885103959851036;Girls_only;17,4;child;NotAccMind;EmoRegTrain;Passive;EmoReg;EmoMeasure;Child;Low
Ford;2012;1;TARGET;CAPS-CA-TOT; ;33;26;Enhanced treatment as usual ETAU; ;26;20;34,5;18,1;30,5;14,4;9;39;-,240909717300906;,0890923807646907;Girls_only;17,4;child;NotAccMind;EmoRegTrain;Passive;OtherSR;MentalH;Child;Low
Ford;2012;1;TARGET;TSCC-ANXIETY; ;33;25;Enhanced treatment as usual ETAU; ;26;19;4,8;4,2;5,6;4,8;9;40;,179090229839112;,0929960483840028;Girls_only;17,4;child;NotAccMind;EmoRegTrain;Passive;IntDiff;MentalH;Child;Low
Ford;2012;1;TARGET;TSCC-DEPRESSION; ;33;25;Enhanced treatment as usual ETAU; ;26;19;5,1;3,4;4,3;3,9;9;41;-,220826987968941;,0931857216589075;Girls_only;17,4;child;NotAccMind;EmoRegTrain;Passive;IntDiff;MentalH;Child;Low
Ford;2012;1;TARGET;TSCC-ANGER; ;33;25;Enhanced treatment as usual ETAU; ;26;19;7,8;7,6;5,8;4,7;9;42;-,306884007764366;,0937017811544311;Girls_only;17,4;child;NotAccMind;EmoRegTrain;Passive;ExtDiff;MentalH;Child;Low
Ford;2012;1;TARGET;PTCI Posttraumatic Cognitions Inventory; ;33;25;Enhanced treatment as usual ETAU; ;26;20;90,3;35;93,9;34;9;43;,104161520263286;,0901205513589284;Girls_only;17,4;child;NotAccMind;EmoRegTrain;Passive;OtherSR;MentalH;Child;Low
Ford;2012;1;TARGET;HOPE scale; ;33;26;Enhanced treatment as usual ETAU; ;26;20;26,3;6,1;28,1;6,2;9;44;-,292998244923984;,0893946685868486;Girls_only;17,4;child;NotAccMind;EmoRegTrain;Passive;GenMentH;MentalH;Child;Low
Fung;2016;1;Based on learning to breathe;CBCL internalizing;9;9;9;Waitlist control;10;10;10;50,22;7,34;53,89;8,49;10;45;,460504422751816;,2166917511999;Both_genders;12,7;parent;AccMind;Mindfocus;Passive;IntDiff;MentalH;Parent;Low
Fung;2016;1;Based on learning to breathe;CBCL externalizing;9;9;9;Waitlist control;10;10;10;49,22;11,48;51;4,5;10;46;,208705814243843;,2122573773453;Both_genders;12,7;parent;AccMind;Mindfocus;Passive;ExtDiff;MentalH;Parent;Low
Fung;2016;1;Based on learning to breathe;YSR Youth Self- Report internalizing;9;9;9;Waitlist control;10;10;10;47;8,69;51,78;7,45;10;47;,593248184331278;,220372779748278;Both_genders;12,7;child;AccMind;Mindfocus;Passive;IntDiff;MentalH;Child;Low
Fung;2016;1;Based on learning to breathe;YSR Youth Self- Report externalizing;9;9;9;Waitlist control;10;10;10;44,11;8,15;53,22;9;10;48;1,05801563627053;,240568929179346;Both_genders;12,7;child;AccMind;Mindfocus;Passive;ExtDiff;MentalH;Child;Low
Fung;2016;1;Based on learning to breathe;ERQ-CA Emotion Regulation Questionnaire - reappraisal;9;9;9;Waitlist control;10;10;10;1,76;,94;1,93;1,01;10;49;-,173880431122839;,211906753330255;Both_genders;12,7;child;AccMind;Mindfocus;Passive;EmoReg;EmoMeasure;Child;Low
Fung;2016;1;Based on learning to breathe;ERQ-CA Emotion Regulation Questionnaire- suppression;9;9;9;Waitlist control;10;10;10;1,28;,97;1,68;,74;10;50;,46730682680782;,216857839279037;Both_genders;12,7;child;AccMind;Mindfocus;Passive;EmoReg;EmoMeasure;Child;Low
Fung;2018;1;Based on learning to breathe;YSR-internalizing;79;79;70;Waitlist control;66;66;49;62,6;17,31;68;15,12;10;51;,328330277731807;,0351468219681441;Both_genders;13,99;child;AccMind;Mindfocus;Passive;IntDiff;MentalH;Child;Low
Fung;2018;1;Based on learning to breathe;YSR-externalizing;79;79;70;Waitlist control;66;66;49;52,53;10,04;57,34;13,33;10;52;,418110554316949;,0354284003898071;Both_genders;13,99;child;AccMind;Mindfocus;Passive;ExtDiff;MentalH;Child;Low
Fung;2018;1;Based on learning to breathe;YSR-attention problems;79;79;70;Waitlist control;66;66;49;62,92;11,52;66,09;13,23;10;53;,258766046137306;,0349752215284722;Both_genders;13,99;child;AccMind;Mindfocus;Passive;OtherSR;MentalH;Child;Low
Fung;2018;1;Based on learning to breathe;Perceived stress scale- PSS;79;79;70;Waitlist control;66;66;49;1,94;,56;2,18;,64;10;54;,403955339509199;,0353795074515162;Both_genders;13,99;child;AccMind;Mindfocus;Passive;OtherSR;MentalH;Child;Low
Fung;2018;1;Based on learning to breathe;ERQ-CA Emotion Regulation Questionnaire reappraisal;79;79;70;Waitlist control;66;66;49;2,53;,61;2,12;,7;10;55;,632290630798682;,0363736735249523;Both_genders;13,99;child;AccMind;Mindfocus;Passive;EmoReg;EmoMeasure;Child;Low
Fung;2018;1;Based on learning to breathe;ERQ-CA Emotion Regulation Questionnaire suppression;79;79;70;Waitlist control;66;66;49;2,07;,76;2,17;,76;10;56;,131578947368421;,0347666213299724;Both_genders;13,99;child;AccMind;Mindfocus;Passive;EmoReg;EmoMeasure;Child;Low
Fung;2018;1;Based on learning to breathe;Emotional approach coping- emotional processing;79;79;70;Waitlist control;66;66;49;2,01;,91;1,69;,82;10;57;,366049572881381;,035256870365334;Both_genders;13,99;child;AccMind;Mindfocus;Passive;EmoReg;EmoMeasure;Child;Low
Fung;2018;1;Based on learning to breathe;Emotional approach coping- emotional expression;79;79;70;Waitlist control;66;66;49;1,78;1,03;1,53;1;10;58;,245627997264401;,0349473780259789;Both_genders;13,99;child;AccMind;Mindfocus;Passive;EmoReg;EmoMeasure;Child;Low
Fung;2018;1;Based on learning to breathe;Avoidance fusion- AFQ-Y82;79;79;70;Waitlist control;66;66;49;1,31;,92;1,48;,77;10;59;,197301296813118;,0348574397431386;Both_genders;13,99;child;AccMind;Mindfocus;Passive;EmoReg;EmoMeasure;Child;Low
Fung;2018;1;Based on learning to breathe;Rumination from children's response styles questionnaire;79;79;70;Waitlist control;66;66;49;21,11;10,65;27,68;10,7;10;60;,615713851757485;,0362867495982727;Both_genders;13,99;child;AccMind;Mindfocus;Passive;EmoReg;EmoMeasure;Child;Low
